id,name,slug,description,short_description,price,sale_price,on_sale,cost_price,inventory,sku,track_inventory,low_stock_threshold,images,featured_image_index,video_url,category_id,gemstone_type,carat_weight,cut,clarity,color,origin,treatment,certification,certification_number,dimensions,weight,shape,sort_order,is_active,featured,is_new,is_bestseller,meta_title,meta_description,view_count,purchase_count,average_rating,review_count,metadata,tags,created_at,updated_at
04d39005-14a5-410b-89e7-46ed469170b8,¯\_(ツ)_/¯ Mystery Slab,,"",,100.00,,f,,1,PROD-1757875367294-MMXIU8,,,"{https://odqcbgwakcysfluoinmn.supabase.co/storage/v1/object/public/product-images/products/1757874785953-fy1u6iijln-gemsutopia_at_gmail.com.jpg,https://odqcbgwakcysfluoinmn.supabase.co/storage/v1/object/public/product-images/products/1757874786883-vffv8f9eg8-gemsutopia_at_gmail.com.jpg,https://odqcbgwakcysfluoinmn.supabase.co/storage/v1/object/public/product-images/products/1757874784703-fzz007eg2z-gemsutopia_at_gmail.com.jpg,https://odqcbgwakcysfluoinmn.supabase.co/storage/v1/object/public/product-images/products/1757874783542-d9p2419s7p-gemsutopia_at_gmail.com.jpg,https://odqcbgwakcysfluoinmn.supabase.co/storage/v1/object/public/product-images/products/1757874778405-rhhpp8hxun-gemsutopia_at_gmail.com.jpg,https://odqcbgwakcysfluoinmn.supabase.co/storage/v1/object/public/product-images/products/1757874779867-su91fiaspp-gemsutopia_at_gmail.com.jpg}",,,,,,,,,,,,,,,,,t,t,,,,,,,,,"{""details"": [""Premium quality gemstone"", ""Authentically sourced"", ""Lifetime guarantee"", ""Certificate of authenticity included""], ""view_count"": 3, ""shipping_info"": ""Free worldwide shipping. Delivery in 3-5 business days."", ""frontend_visible"": false, ""featured_image_index"": 0}",{},2025-09-14 18:42:47.408587+00,2026-01-23 03:25:11.137645+00
faf98944-3482-45a9-bf13-4ed985352056,24.45CT BEAUTIFUL FLASHY AMMOLITE GEMSTONE FROM ALBERTA CANADA,,"",,115.00,,f,,1,AGEM#9,,,{https://odqcbgwakcysfluoinmn.supabase.co/storage/v1/object/public/product-images/hero/1754692563084-nluv9irsd-gemsutopia_at_gmail.com.webp},,,,,,,,,,,,,,4.890,,,t,t,,,,,,,,,"{""details"": [], ""card_color"": ""#000000"", ""view_count"": 4, ""use_gradient"": false, ""shipping_info"": ""Shipping to Canada $20 / 5 days --- Shipping to rest of world $15 / 10 days ‎ ‎ ‎ ‎ ‎ ‎ ‎ ‎ ‎ ‎ ‎ ‎ ‎ ‎ ‎ ‎ ‎ ‎ ‎ ‎ ‎ ‎ ‎ ‎ ‎ ‎ ‎ ‎ ‎ ALL ORDERS ARE TRACKED WITH CANADA POST ‎ ‎ ‎ ‎ ‎ ‎ ‎ ‎ ‎ ‎ ‎ ‎ ‎ ‎ ‎ ‎ ‎ ‎ ‎ ‎ ‎ ‎ ‎ ‎ ‎ ‎ ‎ ‎ ‎ ‎ ‎ ‎ ‎ ‎ ‎ ‎ ‎ ‎ ‎ ‎ ‎ ‎ ‎ ‎ ‎ ‎ ‎ ‎ ‎ ‎ ‎ ‎ ‎ ‎ ‎ ‎ ‎ ‎ ‎ ‎ ‎SHIPPING TIMES CANNOT BE GUARANTEED"", ""wishlist_count"": 0, ""card_gradient_to"": ""#db2777"", ""frontend_visible"": false, ""card_gradient_from"": ""#9333ea"", ""featured_image_index"": 0}","{Gemstone,Ammolite,Rough,Raw,Gems,Fossil}",2025-08-08 22:30:55.240665+00,2026-01-23 03:24:55.260682+00
21b27204-f996-435a-a1ee-8b939a6da805,NATURAL CANADIAN MULTI-COLOR FLASH AMMOLITE FOSSIL GEMSTONES 92.05CTS,,"Ammolite is a rare and beautiful gemstone made from fossilized ammonites, which are ancient marine cephalopods related to modern squid. This gemstone is found primarily in Alberta, Canada, where the fossilized shells have been transformed into iridescent, colorful stones. these have been shaped and semi polished + oiled for photos.",,60.00,40.00,t,,1, AM#127,,,"{https://odqcbgwakcysfluoinmn.supabase.co/storage/v1/object/public/product-images/products/1757473143580-ifrv3xc65m-gemsutopia_at_gmail.com.jpg,https://odqcbgwakcysfluoinmn.supabase.co/storage/v1/object/public/product-images/products/1757473142604-coowkgah4f-gemsutopia_at_gmail.com.jpg,https://odqcbgwakcysfluoinmn.supabase.co/storage/v1/object/public/product-images/products/1757473144477-e5sgq1udzx-gemsutopia_at_gmail.com.jpg,https://odqcbgwakcysfluoinmn.supabase.co/storage/v1/object/public/product-images/products/1757473145198-yqbmg203ex-gemsutopia_at_gmail.com.jpg,https://odqcbgwakcysfluoinmn.supabase.co/storage/v1/object/public/product-images/products/1757473146146-9ll7q3h52v-gemsutopia_at_gmail.com.jpg}",,,,,,,,,,,,,,18.410,,,t,t,,,,,,,,,"{""details"": [""Dimensions - 28.000 x 15.800 x 5.600 mm"", ""Weight (cts) - 92.050""], ""shipping_info"": ""                                                                                                                                                                       Shipping to Canada $20\n / 5 days --- Shipping to rest of world $15\n / 10 days  \n\n‎ ‎ ‎ ‎ ‎ ‎ ‎ ‎ ‎ ‎ ‎ ‎ ‎ ‎ ‎ ‎ ‎ ‎ ‎ ‎ ‎ ‎ ‎ ‎ ‎ ‎ ‎ ‎ ‎ ALL ORDERS ARE TRACKED WITH CANADA POST ‎ ‎ ‎ ‎ ‎ ‎ ‎ ‎ ‎ ‎ ‎ ‎ ‎ ‎ ‎ ‎ ‎ ‎ ‎ ‎ ‎ ‎ ‎ ‎ ‎ ‎ ‎ ‎ ‎ ‎ ‎ ‎ ‎ ‎ ‎ ‎ ‎ ‎ ‎ ‎ ‎ ‎ ‎ ‎ ‎ ‎ ‎ ‎ ‎ ‎ ‎ ‎ ‎ ‎ ‎ ‎ ‎ ‎ ‎ ‎ ‎SHIPPING TIMES CANNOT BE GUARANTEED\n        "", ""frontend_visible"": false, ""featured_image_index"": 0}",{},2025-09-10 02:59:14.854372+00,2026-01-23 03:25:06.181492+00
479723c6-c0bd-46d9-9fc1-b9ecc5a80681,17CT BEAUTIFUL FLASHY AMMOLITE GEMSTONE,,‎ ,,186.00,144.38,t,,1,AMMOLITE -1755664307366-3bnyrk,,,"{https://odqcbgwakcysfluoinmn.supabase.co/storage/v1/object/public/product-images/products/1755664300406-baonahvzxa-gemsutopia_at_gmail.com.jpg,https://odqcbgwakcysfluoinmn.supabase.co/storage/v1/object/public/product-images/products/1755664293801-sxhkng1k5i-gemsutopia_at_gmail.com.jpg,https://odqcbgwakcysfluoinmn.supabase.co/storage/v1/object/public/product-images/products/1755664294956-pba3h15bhr-gemsutopia_at_gmail.com.jpg,https://odqcbgwakcysfluoinmn.supabase.co/storage/v1/object/public/product-images/products/1755664299641-hgaj4nm3au-gemsutopia_at_gmail.com.jpg,https://odqcbgwakcysfluoinmn.supabase.co/storage/v1/object/public/product-images/products/1755664471247-3c03y2teez-gemsutopia_at_gmail.com.jpg,https://odqcbgwakcysfluoinmn.supabase.co/storage/v1/object/public/product-images/products/1755664470223-r5p6c50hgw-gemsutopia_at_gmail.com.jpg,https://odqcbgwakcysfluoinmn.supabase.co/storage/v1/object/public/product-images/products/1755664392523-b96x3l7pya-gemsutopia_at_gmail.com.jpg,https://odqcbgwakcysfluoinmn.supabase.co/storage/v1/object/public/product-images/products/1755664393523-gwblunw4b1-gemsutopia_at_gmail.com.jpg}",,,,,,,,,,,,,,,,,t,t,,,,,,,,,"{""details"": [""Dimensions (mm) - 24.600 x 18.800 x 3.200 mm"", ""Weight (cts) - 17.000""], ""video_url"": null, ""view_count"": 28, ""shipping_info"": ""                                                                                                                                                                       Shipping to Canada $20\n / 5 days --- Shipping to rest of world $15\n / 10 days  \n\n‎ ‎ ‎ ‎ ‎ ‎ ‎ ‎ ‎ ‎ ‎ ‎ ‎ ‎ ‎ ‎ ‎ ‎ ‎ ‎ ‎ ‎ ‎ ‎ ‎ ‎ ‎ ‎ ‎ ALL ORDERS ARE TRACKED WITH CANADA POST ‎ ‎ ‎ ‎ ‎ ‎ ‎ ‎ ‎ ‎ ‎ ‎ ‎ ‎ ‎ ‎ ‎ ‎ ‎ ‎ ‎ ‎ ‎ ‎ ‎ ‎ ‎ ‎ ‎ ‎ ‎ ‎ ‎ ‎ ‎ ‎ ‎ ‎ ‎ ‎ ‎ ‎ ‎ ‎ ‎ ‎ ‎ ‎ ‎ ‎ ‎ ‎ ‎ ‎ ‎ ‎ ‎ ‎ ‎ ‎ ‎SHIPPING TIMES CANNOT BE GUARANTEED\n        "", ""wishlist_count"": 2, ""frontend_visible"": false, ""featured_image_index"": 0}",{},2025-08-20 04:31:47.766018+00,2026-01-23 03:24:59.715677+00
f5cae7a7-dfe9-45d5-bce3-6d11e26db92b,12.50CT FLASHY AMMOLITE GEMSTONE FROM ALBERTA CANADA,,">Ammolite comes specifically from the shell of Ammonites, a type of cephalopod related to modern-day squids, octopuses, and nautiluses. While AmmoNite fossils are common, only a small fraction have the conditions necessary to produce the iridescent ammolite.

>Fun fact -Alberta Canada is the only place in the world where Ammolite is mined commercially, And the only place worldwide where ammolite forms its flashy colors!",,75.00,60.00,t,,1, AGEM#6,,,"{https://odqcbgwakcysfluoinmn.supabase.co/storage/v1/object/public/product-images/products/1757472437252-xzdcvd9g6s-gemsutopia_at_gmail.com.jpg,https://odqcbgwakcysfluoinmn.supabase.co/storage/v1/object/public/product-images/products/1757472438106-u05kdjfd4q-gemsutopia_at_gmail.com.jpg,https://odqcbgwakcysfluoinmn.supabase.co/storage/v1/object/public/product-images/products/1757472438866-xwa6w0wrfb-gemsutopia_at_gmail.com.jpg,https://odqcbgwakcysfluoinmn.supabase.co/storage/v1/object/public/product-images/products/1757472439502-u96hvjk2ye-gemsutopia_at_gmail.com.jpg,https://odqcbgwakcysfluoinmn.supabase.co/storage/v1/object/public/product-images/products/1757472440193-jqm5gjuadj-gemsutopia_at_gmail.com.jpg,https://odqcbgwakcysfluoinmn.supabase.co/storage/v1/object/public/product-images/products/1757472440837-8tuba0ivv3-gemsutopia_at_gmail.com.jpg,https://odqcbgwakcysfluoinmn.supabase.co/storage/v1/object/public/product-images/products/1757472441638-y2jwqkk1vp-gemsutopia_at_gmail.com.jpg,https://odqcbgwakcysfluoinmn.supabase.co/storage/v1/object/public/product-images/products/1757472442372-n5ycw9jijh-gemsutopia_at_gmail.com.jpg}",,,,,,,,,,,,,,2.500,,,t,t,,,,,,,,,"{""details"": [""Dimensions - 16.600 x 14.500 x 4.300 mm"", ""Weight (cts) - 12.500""], ""view_count"": 4, ""shipping_info"": ""                                                                                                                                                                       Shipping to Canada $20\n / 5 days --- Shipping to rest of world $15\n / 10 days  \n\n‎ ‎ ‎ ‎ ‎ ‎ ‎ ‎ ‎ ‎ ‎ ‎ ‎ ‎ ‎ ‎ ‎ ‎ ‎ ‎ ‎ ‎ ‎ ‎ ‎ ‎ ‎ ‎ ‎ ALL ORDERS ARE TRACKED WITH CANADA POST ‎ ‎ ‎ ‎ ‎ ‎ ‎ ‎ ‎ ‎ ‎ ‎ ‎ ‎ ‎ ‎ ‎ ‎ ‎ ‎ ‎ ‎ ‎ ‎ ‎ ‎ ‎ ‎ ‎ ‎ ‎ ‎ ‎ ‎ ‎ ‎ ‎ ‎ ‎ ‎ ‎ ‎ ‎ ‎ ‎ ‎ ‎ ‎ ‎ ‎ ‎ ‎ ‎ ‎ ‎ ‎ ‎ ‎ ‎ ‎ ‎SHIPPING TIMES CANNOT BE GUARANTEED\n        "", ""frontend_visible"": false, ""featured_image_index"": 0}",{},2025-09-10 02:47:30.719506+00,2026-01-23 03:25:03.237897+00
175e3a83-087d-437c-ba94-26f1b6f949b5,Mystery Jasper slab,,"",,100.00,,f,,1,PROD-1758161730265-0Y6FKG,,,"{https://odqcbgwakcysfluoinmn.supabase.co/storage/v1/object/public/product-images/products/1758161644267-6rstytn6fx-gemsutopia_at_gmail.com.jpg,https://odqcbgwakcysfluoinmn.supabase.co/storage/v1/object/public/product-images/products/1758161645619-k4ngp9fn7j-gemsutopia_at_gmail.com.jpg,https://odqcbgwakcysfluoinmn.supabase.co/storage/v1/object/public/product-images/products/1758161646597-ftjjogby08-gemsutopia_at_gmail.com.jpg,https://odqcbgwakcysfluoinmn.supabase.co/storage/v1/object/public/product-images/products/1758161647521-hpg2obehhn-gemsutopia_at_gmail.com.jpg,https://odqcbgwakcysfluoinmn.supabase.co/storage/v1/object/public/product-images/products/1758161648566-87h35aa7sf-gemsutopia_at_gmail.com.jpg,https://odqcbgwakcysfluoinmn.supabase.co/storage/v1/object/public/product-images/products/1758161649425-mobi0mlg08-gemsutopia_at_gmail.com.jpg,https://odqcbgwakcysfluoinmn.supabase.co/storage/v1/object/public/product-images/products/1758161650657-ojtljszgzi-gemsutopia_at_gmail.com.jpg,https://odqcbgwakcysfluoinmn.supabase.co/storage/v1/object/public/product-images/products/1758161704641-7u8mlnxrbf-gemsutopia_at_gmail.com.jpg}",,,,,,,,,,,,,,,,,t,t,,,,,,,,,"{""details"": [""Slab""], ""view_count"": 5, ""shipping_info"": "".."", ""frontend_visible"": false, ""featured_image_index"": 0}",{},2025-09-18 02:15:30.339453+00,2026-01-23 03:25:11.630829+00
2eeef0d8-a8eb-46fd-b574-8f5eb5e03039,11.75CT BEAUTIFUL FLASHY ALBERTA AMMOLITE COATED DOUBLET,,"",,60.00,50.00,t,,1, AM#119,,,"{https://odqcbgwakcysfluoinmn.supabase.co/storage/v1/object/public/product-images/products/1757472804030-nfun550stm-gemsutopia_at_gmail.com.jpg,https://odqcbgwakcysfluoinmn.supabase.co/storage/v1/object/public/product-images/products/1757472804563-zhjy1q2rzt-gemsutopia_at_gmail.com.jpg,https://odqcbgwakcysfluoinmn.supabase.co/storage/v1/object/public/product-images/products/1757472805340-zjz9m15qsx-gemsutopia_at_gmail.com.jpg,https://odqcbgwakcysfluoinmn.supabase.co/storage/v1/object/public/product-images/products/1757472801655-pj7aup9w3y-gemsutopia_at_gmail.com.jpg,https://odqcbgwakcysfluoinmn.supabase.co/storage/v1/object/public/product-images/products/1757472806051-6prg3nnrkw-gemsutopia_at_gmail.com.jpg}",,,,,,,,,,,,,,2.350,,,t,t,,,,,,,,,"{""details"": [""Dimensions - 18.200 x 13.900 x 4.900 mm"", ""Weight (cts) - 11.498""], ""view_count"": 2, ""shipping_info"": ""                                                                                                                                                                       Shipping to Canada $20\n / 5 days --- Shipping to rest of world $15\n / 10 days  \n\n‎ ‎ ‎ ‎ ‎ ‎ ‎ ‎ ‎ ‎ ‎ ‎ ‎ ‎ ‎ ‎ ‎ ‎ ‎ ‎ ‎ ‎ ‎ ‎ ‎ ‎ ‎ ‎ ‎ ALL ORDERS ARE TRACKED WITH CANADA POST ‎ ‎ ‎ ‎ ‎ ‎ ‎ ‎ ‎ ‎ ‎ ‎ ‎ ‎ ‎ ‎ ‎ ‎ ‎ ‎ ‎ ‎ ‎ ‎ ‎ ‎ ‎ ‎ ‎ ‎ ‎ ‎ ‎ ‎ ‎ ‎ ‎ ‎ ‎ ‎ ‎ ‎ ‎ ‎ ‎ ‎ ‎ ‎ ‎ ‎ ‎ ‎ ‎ ‎ ‎ ‎ ‎ ‎ ‎ ‎ ‎SHIPPING TIMES CANNOT BE GUARANTEED\n        "", ""frontend_visible"": false, ""featured_image_index"": 0}",{},2025-09-10 02:53:47.908712+00,2026-01-23 03:25:05.170245+00
825a7d56-6ab8-4e2a-99e1-39cbb4e626bf,Mystery Slab,,..,,100.00,,f,,1,PROD-1758162181335-217N5Z,,,"{https://odqcbgwakcysfluoinmn.supabase.co/storage/v1/object/public/product-images/products/1758161821177-7j5ohsbwby-gemsutopia_at_gmail.com.jpg,https://odqcbgwakcysfluoinmn.supabase.co/storage/v1/object/public/product-images/products/1758161822302-jhiscaekma-gemsutopia_at_gmail.com.jpg,https://odqcbgwakcysfluoinmn.supabase.co/storage/v1/object/public/product-images/products/1758161823169-fjls5k17im-gemsutopia_at_gmail.com.jpg,https://odqcbgwakcysfluoinmn.supabase.co/storage/v1/object/public/product-images/products/1758161824077-dlzmc2i71y-gemsutopia_at_gmail.com.jpg,https://odqcbgwakcysfluoinmn.supabase.co/storage/v1/object/public/product-images/products/1758161825260-k01x0td8b9-gemsutopia_at_gmail.com.jpg,https://odqcbgwakcysfluoinmn.supabase.co/storage/v1/object/public/product-images/products/1758161826283-ypdl2ht4b4-gemsutopia_at_gmail.com.jpg,https://odqcbgwakcysfluoinmn.supabase.co/storage/v1/object/public/product-images/products/1758161827261-ri50nt0gmd-gemsutopia_at_gmail.com.jpg,https://odqcbgwakcysfluoinmn.supabase.co/storage/v1/object/public/product-images/products/1758161828237-0xot322gyn-gemsutopia_at_gmail.com.jpg}",,,,,,,,,,,,,,,,,t,t,,,,,,,,,"{""details"": ["".""], ""view_count"": 1, ""shipping_info"": ""."", ""frontend_visible"": false, ""featured_image_index"": 0}",{},2025-09-18 02:23:01.435519+00,2026-01-23 03:25:11.860145+00
b7561bd0-b12b-4645-8f3e-b168a02bbaf3,16.80CT BEAUTIFUL MULTI-COLOR FLASH AMMOLITE GEMSTONES FROM ALBERTA CANADA,,‎ ,,140.00,98.80,t,,1,AMMOLITE -1755663347173-paqb71,,,"{https://odqcbgwakcysfluoinmn.supabase.co/storage/v1/object/public/product-images/products/1755663422168-72bp1lpq9t-gemsutopia_at_gmail.com.jpg,https://odqcbgwakcysfluoinmn.supabase.co/storage/v1/object/public/product-images/products/1755663422862-czqdx4qzxe-gemsutopia_at_gmail.com.jpg,https://odqcbgwakcysfluoinmn.supabase.co/storage/v1/object/public/product-images/products/1755663496482-dpclohi4m6-gemsutopia_at_gmail.com.jpg,https://odqcbgwakcysfluoinmn.supabase.co/storage/v1/object/public/product-images/products/1755663497901-pnnymv3xy2-gemsutopia_at_gmail.com.jpg,https://odqcbgwakcysfluoinmn.supabase.co/storage/v1/object/public/product-images/products/1755663643968-ha92eats2z-gemsutopia_at_gmail.com.jpg,https://odqcbgwakcysfluoinmn.supabase.co/storage/v1/object/public/product-images/products/1755663684906-yg7cxd5rgl-gemsutopia_at_gmail.com.jpg,https://odqcbgwakcysfluoinmn.supabase.co/storage/v1/object/public/product-images/products/1755663685727-d3r1uw9gle-gemsutopia_at_gmail.com.jpg}",,,,,,,,,,,,,,3.360,,,t,t,,,,,,,,,"{""details"": [""Dimensions (mm) - 21.000 x 13.000 x 3.600 mm"", ""Weight (cts) - 16.800""], ""video_url"": null, ""view_count"": 14, ""shipping_info"": ""                                                                                                                                                                       Shipping to Canada $20\n / 5 days --- Shipping to rest of world $15\n / 10 days  \n\n‎ ‎ ‎ ‎ ‎ ‎ ‎ ‎ ‎ ‎ ‎ ‎ ‎ ‎ ‎ ‎ ‎ ‎ ‎ ‎ ‎ ‎ ‎ ‎ ‎ ‎ ‎ ‎ ‎ ALL ORDERS ARE TRACKED WITH CANADA POST ‎ ‎ ‎ ‎ ‎ ‎ ‎ ‎ ‎ ‎ ‎ ‎ ‎ ‎ ‎ ‎ ‎ ‎ ‎ ‎ ‎ ‎ ‎ ‎ ‎ ‎ ‎ ‎ ‎ ‎ ‎ ‎ ‎ ‎ ‎ ‎ ‎ ‎ ‎ ‎ ‎ ‎ ‎ ‎ ‎ ‎ ‎ ‎ ‎ ‎ ‎ ‎ ‎ ‎ ‎ ‎ ‎ ‎ ‎ ‎ ‎SHIPPING TIMES CANNOT BE GUARANTEED\n        "", ""wishlist_count"": 1, ""frontend_visible"": false, ""featured_image_index"": 0}",{},2025-08-20 04:15:47.389055+00,2026-01-23 03:24:58.733642+00
de61e190-ef77-4133-b360-2cfb87d96ec7,BlueJay Sapphire,,"",,100.00,,f,,1,PROD-1757873212768-2VCXIR,,,"{https://odqcbgwakcysfluoinmn.supabase.co/storage/v1/object/public/product-images/products/1757873198096-brvpzmjsmh-gemsutopia_at_gmail.com.jpg,https://odqcbgwakcysfluoinmn.supabase.co/storage/v1/object/public/product-images/products/1757873199060-2qr4tym7wa-gemsutopia_at_gmail.com.jpg,https://odqcbgwakcysfluoinmn.supabase.co/storage/v1/object/public/product-images/products/1757873199930-p1izksf0yc-gemsutopia_at_gmail.com.jpg,https://odqcbgwakcysfluoinmn.supabase.co/storage/v1/object/public/product-images/products/1757873200640-mrthr4e8rl-gemsutopia_at_gmail.com.jpg,https://odqcbgwakcysfluoinmn.supabase.co/storage/v1/object/public/product-images/products/1757873201619-xs78c012vp-gemsutopia_at_gmail.com.jpg,https://odqcbgwakcysfluoinmn.supabase.co/storage/v1/object/public/product-images/products/1757873203001-ym94td0ikk-gemsutopia_at_gmail.com.jpg,https://odqcbgwakcysfluoinmn.supabase.co/storage/v1/object/public/product-images/products/1757873203860-ao3ybp81p2-gemsutopia_at_gmail.com.jpg,https://odqcbgwakcysfluoinmn.supabase.co/storage/v1/object/public/product-images/products/1757873204792-hnnpidoy2i-gemsutopia_at_gmail.com.jpg}",,,,,,,,,,,,,,,,,t,t,,,,,,,,,"{""details"": [""Premium quality gemstone"", ""Authentically sourced"", ""Lifetime guarantee"", ""Certificate of authenticity included""], ""view_count"": 2, ""shipping_info"": ""Free worldwide shipping. Delivery in 3-5 business days."", ""frontend_visible"": false, ""featured_image_index"": 0}",{},2025-09-14 18:06:52.820333+00,2026-01-23 03:25:10.228144+00
34f045b6-eb86-4906-aeda-03e7eeb79b12,Blue Sapphire,,.,,100.00,,f,,1,PROD-1758164168143-3RWI69,,,"{https://odqcbgwakcysfluoinmn.supabase.co/storage/v1/object/public/product-images/products/1758164111628-lo8y56wi5p-gemsutopia_at_gmail.com.jpg,https://odqcbgwakcysfluoinmn.supabase.co/storage/v1/object/public/product-images/products/1758164112738-cljfoqbfxh-gemsutopia_at_gmail.com.jpg,https://odqcbgwakcysfluoinmn.supabase.co/storage/v1/object/public/product-images/products/1758164110862-fmb6fa82h6-gemsutopia_at_gmail.com.jpg,https://odqcbgwakcysfluoinmn.supabase.co/storage/v1/object/public/product-images/products/1758164109656-v2d50c4dzx-gemsutopia_at_gmail.com.jpg,https://odqcbgwakcysfluoinmn.supabase.co/storage/v1/object/public/product-images/products/1758164113557-09ndnn4w5l-gemsutopia_at_gmail.com.jpg,https://odqcbgwakcysfluoinmn.supabase.co/storage/v1/object/public/product-images/products/1758164114262-o3dd1u5bbj-gemsutopia_at_gmail.com.jpg,https://odqcbgwakcysfluoinmn.supabase.co/storage/v1/object/public/product-images/products/1758164115024-2seeavqlv1-gemsutopia_at_gmail.com.jpg,https://odqcbgwakcysfluoinmn.supabase.co/storage/v1/object/public/product-images/products/1758164158270-k67ev91f0g-gemsutopia_at_gmail.com.jpg}",,,,,,,,,,,,,,,,,t,t,,,,,,,,,"{""details"": ["".""], ""view_count"": 4, ""shipping_info"": ""."", ""frontend_visible"": false, ""featured_image_index"": 0}",{},2025-09-18 02:56:08.28136+00,2026-01-23 03:24:52.712713+00
37b3de69-e0f8-48ed-9bc1-301d677624fe,24.85Ct FLASHY GREEN CANADIAN AMMOLITE GEMSTONE,,"",,100.00,80.00,t,,1, AM#118,,,"{https://odqcbgwakcysfluoinmn.supabase.co/storage/v1/object/public/product-images/products/1757472637037-o277oilxn1-gemsutopia_at_gmail.com.jpg,https://odqcbgwakcysfluoinmn.supabase.co/storage/v1/object/public/product-images/products/1757472638769-50k9x77kv9-gemsutopia_at_gmail.com.jpg,https://odqcbgwakcysfluoinmn.supabase.co/storage/v1/object/public/product-images/products/1757472635051-jwahsmj78g-gemsutopia_at_gmail.com.jpg,https://odqcbgwakcysfluoinmn.supabase.co/storage/v1/object/public/product-images/products/1757472636191-k1bap1wy3v-gemsutopia_at_gmail.com.jpg,https://odqcbgwakcysfluoinmn.supabase.co/storage/v1/object/public/product-images/products/1757472637915-gzga1t29sa-gemsutopia_at_gmail.com.jpg,https://odqcbgwakcysfluoinmn.supabase.co/storage/v1/object/public/product-images/products/1757472639680-a6ikk7q6kc-gemsutopia_at_gmail.com.jpg,https://odqcbgwakcysfluoinmn.supabase.co/storage/v1/object/public/product-images/products/1757472640596-j3z80smg7f-gemsutopia_at_gmail.com.jpg,https://odqcbgwakcysfluoinmn.supabase.co/storage/v1/object/public/product-images/products/1757472641459-dawijfiu2z-gemsutopia_at_gmail.com.jpg}",,,,,,,,,,,,,,4.970,,,t,t,,,,,,,,,"{""details"": [""Dimensions - 23.100 x 20.600 x 4.900 mm"", ""Weight (cts) - 24.850""], ""shipping_info"": ""                                                                                                                                                                       Shipping to Canada $20\n / 5 days --- Shipping to rest of world $15\n / 10 days  \n\n‎ ‎ ‎ ‎ ‎ ‎ ‎ ‎ ‎ ‎ ‎ ‎ ‎ ‎ ‎ ‎ ‎ ‎ ‎ ‎ ‎ ‎ ‎ ‎ ‎ ‎ ‎ ‎ ‎ ALL ORDERS ARE TRACKED WITH CANADA POST ‎ ‎ ‎ ‎ ‎ ‎ ‎ ‎ ‎ ‎ ‎ ‎ ‎ ‎ ‎ ‎ ‎ ‎ ‎ ‎ ‎ ‎ ‎ ‎ ‎ ‎ ‎ ‎ ‎ ‎ ‎ ‎ ‎ ‎ ‎ ‎ ‎ ‎ ‎ ‎ ‎ ‎ ‎ ‎ ‎ ‎ ‎ ‎ ‎ ‎ ‎ ‎ ‎ ‎ ‎ ‎ ‎ ‎ ‎ ‎ ‎SHIPPING TIMES CANNOT BE GUARANTEED\n        "", ""frontend_visible"": false, ""featured_image_index"": 0}",{},2025-09-10 02:50:49.292376+00,2026-01-23 03:25:04.606504+00
8df43e61-de28-4e54-8a65-2247d1509bed,72CT NATURAL MULTI-COLOR FLASH AMMOLITE FOSSIL SPECIMEN,,"Ammolite is a rare and beautiful gemstone made from fossilized ammonites, which are ancient marine cephalopods related to modern squid and octopuses. This gemstone is found primarily in Alberta, Canada, where the fossilized shells have been transformed into iridescent, colorful stones.",,60.00,42.00,t,,1, AM#121,,,"{https://odqcbgwakcysfluoinmn.supabase.co/storage/v1/object/public/product-images/products/1757473347096-wvenzvq2f3-gemsutopia_at_gmail.com.jpg,https://odqcbgwakcysfluoinmn.supabase.co/storage/v1/object/public/product-images/products/1757473346308-uuco2r4nh9-gemsutopia_at_gmail.com.jpg,https://odqcbgwakcysfluoinmn.supabase.co/storage/v1/object/public/product-images/products/1757473348066-7bxae3b6os-gemsutopia_at_gmail.com.jpg,https://odqcbgwakcysfluoinmn.supabase.co/storage/v1/object/public/product-images/products/1757473349045-96gz6jzseo-gemsutopia_at_gmail.com.jpg,https://odqcbgwakcysfluoinmn.supabase.co/storage/v1/object/public/product-images/products/1757473349874-3fwgsnqhsa-gemsutopia_at_gmail.com.jpg,https://odqcbgwakcysfluoinmn.supabase.co/storage/v1/object/public/product-images/products/1757473350736-9v5wdl4mdz-gemsutopia_at_gmail.com.jpg,https://odqcbgwakcysfluoinmn.supabase.co/storage/v1/object/public/product-images/products/1757473351558-on710z1xek-gemsutopia_at_gmail.com.jpg,https://odqcbgwakcysfluoinmn.supabase.co/storage/v1/object/public/product-images/products/1757473352487-2sbjfqry5y-gemsutopia_at_gmail.com.jpg}",,,,,,,,,,,,,,14.399,,,t,t,,,,,,,,,"{""details"": [""Dimensions  - 32.000 x 19.000 x 11.000 mm"", ""Weight (cts) - 72.000""], ""shipping_info"": ""                                                                                                                                                                       Shipping to Canada $20\n / 5 days --- Shipping to rest of world $15\n / 10 days  \n\n‎ ‎ ‎ ‎ ‎ ‎ ‎ ‎ ‎ ‎ ‎ ‎ ‎ ‎ ‎ ‎ ‎ ‎ ‎ ‎ ‎ ‎ ‎ ‎ ‎ ‎ ‎ ‎ ‎ ALL ORDERS ARE TRACKED WITH CANADA POST ‎ ‎ ‎ ‎ ‎ ‎ ‎ ‎ ‎ ‎ ‎ ‎ ‎ ‎ ‎ ‎ ‎ ‎ ‎ ‎ ‎ ‎ ‎ ‎ ‎ ‎ ‎ ‎ ‎ ‎ ‎ ‎ ‎ ‎ ‎ ‎ ‎ ‎ ‎ ‎ ‎ ‎ ‎ ‎ ‎ ‎ ‎ ‎ ‎ ‎ ‎ ‎ ‎ ‎ ‎ ‎ ‎ ‎ ‎ ‎ ‎SHIPPING TIMES CANNOT BE GUARANTEED\n        "", ""frontend_visible"": false, ""featured_image_index"": 0}",{},2025-09-10 03:02:40.325646+00,2026-01-23 03:25:06.678394+00
67ee8b75-84ff-42d0-9aef-4f47ef1dbe79,186CT 2PC VIBRANT PURPLISH BLUE FLASH ANDAMOOKA OPALS,,"Andamooka opal is a type of opal found in the Andamooka region of South Australia. It's known for its unique play-of-color, which can exhibit vibrant hues and patterns. The opal is often valued for its rich colors, including blue, green, and orange, and can come in both solid and matrix forms.

Andamooka opal is particularly famous for its ""boulder opal"" characteristics, where the opal is found in ironstone or other matrix materials, creating striking visual effects. Due to its relatively low availability compared to other opal varieties, Andamooka opal is highly sought after by collectors and jewelers.",,40.00,25.00,t,,1, Opal#7,,,"{https://odqcbgwakcysfluoinmn.supabase.co/storage/v1/object/public/product-images/products/1757474115228-p3f1oz1dxf-gemsutopia_at_gmail.com.jpg,https://odqcbgwakcysfluoinmn.supabase.co/storage/v1/object/public/product-images/products/1757474113044-vaug0ytzr7-gemsutopia_at_gmail.com.jpg,https://odqcbgwakcysfluoinmn.supabase.co/storage/v1/object/public/product-images/products/1757474114417-uj9z3ihwso-gemsutopia_at_gmail.com.jpg,https://odqcbgwakcysfluoinmn.supabase.co/storage/v1/object/public/product-images/products/1757474116163-78kjr3ekml-gemsutopia_at_gmail.com.jpg}",,,,,,,,,,,,,,37.200,,,t,t,,,,,,,,,"{""details"": [""Dimensions - 103.000 x 84.000 x 64.000 mm"", ""Weight (cts) - 186.900""], ""shipping_info"": ""                                                                                                                                                                       Shipping to Canada $20\n / 5 days --- Shipping to rest of world $15\n / 10 days  \n\n‎ ‎ ‎ ‎ ‎ ‎ ‎ ‎ ‎ ‎ ‎ ‎ ‎ ‎ ‎ ‎ ‎ ‎ ‎ ‎ ‎ ‎ ‎ ‎ ‎ ‎ ‎ ‎ ‎ ALL ORDERS ARE TRACKED WITH CANADA POST ‎ ‎ ‎ ‎ ‎ ‎ ‎ ‎ ‎ ‎ ‎ ‎ ‎ ‎ ‎ ‎ ‎ ‎ ‎ ‎ ‎ ‎ ‎ ‎ ‎ ‎ ‎ ‎ ‎ ‎ ‎ ‎ ‎ ‎ ‎ ‎ ‎ ‎ ‎ ‎ ‎ ‎ ‎ ‎ ‎ ‎ ‎ ‎ ‎ ‎ ‎ ‎ ‎ ‎ ‎ ‎ ‎ ‎ ‎ ‎ ‎SHIPPING TIMES CANNOT BE GUARANTEED\n        "", ""frontend_visible"": false, ""featured_image_index"": 0}",{},2025-09-10 03:17:42.497523+00,2026-01-23 03:25:07.93149+00
b757dafc-d192-4110-a733-3bca23e17728,BlueJay Sapphire ,,"",,100.00,,f,,1,PROD-1757838332195-7M4617,,,"{https://odqcbgwakcysfluoinmn.supabase.co/storage/v1/object/public/product-images/products/1757871807305-j9f0lda0rz-gemsutopia_at_gmail.com.jpg,https://odqcbgwakcysfluoinmn.supabase.co/storage/v1/object/public/product-images/products/1757871805342-nal8m438k0-gemsutopia_at_gmail.com.jpg,https://odqcbgwakcysfluoinmn.supabase.co/storage/v1/object/public/product-images/products/1757871808206-0obsw2mpsz-gemsutopia_at_gmail.com.jpg,https://odqcbgwakcysfluoinmn.supabase.co/storage/v1/object/public/product-images/products/1757871804165-xsje82fjau-gemsutopia_at_gmail.com.jpg,https://odqcbgwakcysfluoinmn.supabase.co/storage/v1/object/public/product-images/products/1757872173198-5ctamxqa34-gemsutopia_at_gmail.com.jpg,https://odqcbgwakcysfluoinmn.supabase.co/storage/v1/object/public/product-images/products/1757872207704-7esobxbpn2-gemsutopia_at_gmail.com.jpg,https://odqcbgwakcysfluoinmn.supabase.co/storage/v1/object/public/product-images/products/1757872208698-swdq4nexm4-gemsutopia_at_gmail.com.jpg,https://odqcbgwakcysfluoinmn.supabase.co/storage/v1/object/public/product-images/products/1757872209534-rcz20dwbxr-gemsutopia_at_gmail.com.jpg}",,,,,,,,,,,,,,,,,t,t,,,,,,,,,"{""details"": [""Premium quality gemstone"", ""Authentically sourced"", ""Lifetime guarantee"", ""Certificate of authenticity included""], ""view_count"": 3, ""shipping_info"": ""Free worldwide shipping. Delivery in 3-5 business days."", ""frontend_visible"": false, ""featured_image_index"": 0}",{},2025-09-14 08:25:32.290613+00,2026-01-23 03:25:09.771565+00
a863a6a0-8459-466a-99c0-b307b5cdd438,7.35 FLASHY GREEN/CYAN AMMOLITE GEMSTONE FROM ALBERTA CANADA,,"",,107.00,64.80,t,,1,AGEM#5,,,"{https://odqcbgwakcysfluoinmn.supabase.co/storage/v1/object/public/product-images/products/1755665005831-t9aal6d0k5-gemsutopia_at_gmail.com.jpg,https://odqcbgwakcysfluoinmn.supabase.co/storage/v1/object/public/product-images/products/1755664934496-p0bt41p0z6-gemsutopia_at_gmail.com.jpg,https://odqcbgwakcysfluoinmn.supabase.co/storage/v1/object/public/product-images/products/1755664930733-5dji79qn8m-gemsutopia_at_gmail.com.jpg,https://odqcbgwakcysfluoinmn.supabase.co/storage/v1/object/public/product-images/products/1755664931620-e7n6g3zhkw-gemsutopia_at_gmail.com.jpg,https://odqcbgwakcysfluoinmn.supabase.co/storage/v1/object/public/product-images/products/1755664929010-t1wairw3ud-gemsutopia_at_gmail.com.jpg,https://odqcbgwakcysfluoinmn.supabase.co/storage/v1/object/public/product-images/products/1755665115770-h3fpf3vkz0-gemsutopia_at_gmail.com.jpg,https://odqcbgwakcysfluoinmn.supabase.co/storage/v1/object/public/product-images/products/1755665135669-kmx5smgxk3-gemsutopia_at_gmail.com.jpg}",,,,,,,,,,,,,,1.470,,,t,t,,,,,,,,,"{""details"": [""Dimensions (mm) - 16.100 x 12.300 x 3.200 mm"", ""Weight (cts) - 7.350""], ""video_url"": null, ""view_count"": 59, ""shipping_info"": ""                                                                                                                                                                       Shipping to Canada $20\n / 5 days --- Shipping to rest of world $15\n / 10 days  \n\n‎ ‎ ‎ ‎ ‎ ‎ ‎ ‎ ‎ ‎ ‎ ‎ ‎ ‎ ‎ ‎ ‎ ‎ ‎ ‎ ‎ ‎ ‎ ‎ ‎ ‎ ‎ ‎ ‎ ALL ORDERS ARE TRACKED WITH CANADA POST ‎ ‎ ‎ ‎ ‎ ‎ ‎ ‎ ‎ ‎ ‎ ‎ ‎ ‎ ‎ ‎ ‎ ‎ ‎ ‎ ‎ ‎ ‎ ‎ ‎ ‎ ‎ ‎ ‎ ‎ ‎ ‎ ‎ ‎ ‎ ‎ ‎ ‎ ‎ ‎ ‎ ‎ ‎ ‎ ‎ ‎ ‎ ‎ ‎ ‎ ‎ ‎ ‎ ‎ ‎ ‎ ‎ ‎ ‎ ‎ ‎SHIPPING TIMES CANNOT BE GUARANTEED\n        "", ""wishlist_count"": 3, ""frontend_visible"": false, ""featured_image_index"": 0}",{Ammolite},2025-08-20 04:42:20.463172+00,2026-01-23 03:25:14.13985+00
e538ec97-aaff-45e2-b3cd-742414288a0d,BlueJay Sapphire,,.,,100.00,,f,,1,PROD-1758165537910-91IWAD,,,"{https://odqcbgwakcysfluoinmn.supabase.co/storage/v1/object/public/product-images/products/1758166410276-pr6etxseow-gemsutopia_at_gmail.com.jpg,https://odqcbgwakcysfluoinmn.supabase.co/storage/v1/object/public/product-images/products/1758166032367-yx0uwy3g88-gemsutopia_at_gmail.com.jpg,https://odqcbgwakcysfluoinmn.supabase.co/storage/v1/object/public/product-images/products/1758165311833-586parntwz-gemsutopia_at_gmail.com.jpg,https://odqcbgwakcysfluoinmn.supabase.co/storage/v1/object/public/product-images/products/1758165312696-aydynt1vbg-gemsutopia_at_gmail.com.jpg}",,,,,,,,,,,,,,,,,t,t,,,,,,,,,"{""details"": ["".""], ""view_count"": 3, ""shipping_info"": ""."", ""frontend_visible"": false, ""featured_image_index"": 0}",{},2025-09-18 03:18:58.020802+00,2026-01-23 03:24:49.303287+00
ebc1faea-3aa5-4bd0-95f5-6785c0d1d068,31.05CT BEAUTIFUL FLASHY AMMOLITE GEMSTONE,,‎ ,,174.80,138.80,t,,1,AMMOLITE -1755662982127-vn8izu,,,"{https://odqcbgwakcysfluoinmn.supabase.co/storage/v1/object/public/product-images/products/1755662681347-refqm0pc7j-gemsutopia_at_gmail.com.jpg,https://odqcbgwakcysfluoinmn.supabase.co/storage/v1/object/public/product-images/products/1755662680542-zvqdfo7wr9-gemsutopia_at_gmail.com.jpg,https://odqcbgwakcysfluoinmn.supabase.co/storage/v1/object/public/product-images/products/1755662678303-gfpy8qcvs0-gemsutopia_at_gmail.com.jpg,https://odqcbgwakcysfluoinmn.supabase.co/storage/v1/object/public/product-images/products/1755662676342-qy3uqlegl3-gemsutopia_at_gmail.com.jpg,https://odqcbgwakcysfluoinmn.supabase.co/storage/v1/object/public/product-images/products/1755662677545-9b05mnc5nx-gemsutopia_at_gmail.com.jpg,https://odqcbgwakcysfluoinmn.supabase.co/storage/v1/object/public/product-images/products/1755662679141-3293sc7jzn-gemsutopia_at_gmail.com.jpg,https://odqcbgwakcysfluoinmn.supabase.co/storage/v1/object/public/product-images/products/1755662679899-przwg3wp0o-gemsutopia_at_gmail.com.jpg,https://odqcbgwakcysfluoinmn.supabase.co/storage/v1/object/public/product-images/products/1755662682055-lcruo5x6h-gemsutopia_at_gmail.com.jpg}",,,,,,,,,,,,,,6.210,,,t,t,,,,,,,,,"{""details"": [""Dimensions (mm) - 41.200 x 23.600 x 4.000 mm"", ""Weight (cts) - 31.050""], ""video_url"": null, ""view_count"": 6, ""shipping_info"": ""                                                                                                                                                                       Shipping to Canada $20\n / 5 days --- Shipping to rest of world $15\n / 10 days  \n\n‎ ‎ ‎ ‎ ‎ ‎ ‎ ‎ ‎ ‎ ‎ ‎ ‎ ‎ ‎ ‎ ‎ ‎ ‎ ‎ ‎ ‎ ‎ ‎ ‎ ‎ ‎ ‎ ‎ ALL ORDERS ARE TRACKED WITH CANADA POST ‎ ‎ ‎ ‎ ‎ ‎ ‎ ‎ ‎ ‎ ‎ ‎ ‎ ‎ ‎ ‎ ‎ ‎ ‎ ‎ ‎ ‎ ‎ ‎ ‎ ‎ ‎ ‎ ‎ ‎ ‎ ‎ ‎ ‎ ‎ ‎ ‎ ‎ ‎ ‎ ‎ ‎ ‎ ‎ ‎ ‎ ‎ ‎ ‎ ‎ ‎ ‎ ‎ ‎ ‎ ‎ ‎ ‎ ‎ ‎ ‎SHIPPING TIMES CANNOT BE GUARANTEED\n        "", ""frontend_visible"": false, ""featured_image_index"": 0}",{},2025-08-20 04:09:42.706489+00,2026-01-23 03:25:15.228443+00
d734636c-6f0c-4e50-b289-c93fbfc00375,BlueSapphire,,.,,100.00,,f,,1,PROD-1758166607367-NI4Z21,,,"{https://odqcbgwakcysfluoinmn.supabase.co/storage/v1/object/public/product-images/products/1758166586904-tbjd15q2mg-gemsutopia_at_gmail.com.jpg,https://odqcbgwakcysfluoinmn.supabase.co/storage/v1/object/public/product-images/products/1758166586272-s7yczyt8oa-gemsutopia_at_gmail.com.jpg,https://odqcbgwakcysfluoinmn.supabase.co/storage/v1/object/public/product-images/products/1758166584683-y6jqo3gjnx-gemsutopia_at_gmail.com.jpg,https://odqcbgwakcysfluoinmn.supabase.co/storage/v1/object/public/product-images/products/1758166585488-io9hf0v1rv-gemsutopia_at_gmail.com.jpg,https://odqcbgwakcysfluoinmn.supabase.co/storage/v1/object/public/product-images/products/1758166587609-83xuypbuwn-gemsutopia_at_gmail.com.jpg,https://odqcbgwakcysfluoinmn.supabase.co/storage/v1/object/public/product-images/products/1758166588497-yru6vdwwul-gemsutopia_at_gmail.com.jpg,https://odqcbgwakcysfluoinmn.supabase.co/storage/v1/object/public/product-images/products/1758166589310-jslfo7s71t-gemsutopia_at_gmail.com.jpg,https://odqcbgwakcysfluoinmn.supabase.co/storage/v1/object/public/product-images/products/1758166590010-l44ja79yub-gemsutopia_at_gmail.com.jpg}",,,,,,,,,,,,,,,,,t,t,,,,,,,,,"{""details"": ["".""], ""view_count"": 2, ""shipping_info"": ""."", ""frontend_visible"": false, ""featured_image_index"": 0}",{},2025-09-18 03:36:47.427045+00,2026-01-23 03:24:47.827158+00
920bcbb9-414f-411b-8230-7c7fb0be8d2e,9.90CT BEAUTIFUL FLASHY ALBERTA AMMOLITE TRIPLET,,"",,125.00,74.99,t,,1,AMMOLITE -1755661841837-j2mgb2,,,"{https://odqcbgwakcysfluoinmn.supabase.co/storage/v1/object/public/product-images/products/1755661827753-rt8o1v8c54-gemsutopia_at_gmail.com.jpg,https://odqcbgwakcysfluoinmn.supabase.co/storage/v1/object/public/product-images/products/1755661829873-k1c85a7lms-gemsutopia_at_gmail.com.jpg,https://odqcbgwakcysfluoinmn.supabase.co/storage/v1/object/public/product-images/products/1755661831449-vrcrnwmet8-gemsutopia_at_gmail.com.jpg,https://odqcbgwakcysfluoinmn.supabase.co/storage/v1/object/public/product-images/products/1755661829057-y7el4tb46f-gemsutopia_at_gmail.com.jpg,https://odqcbgwakcysfluoinmn.supabase.co/storage/v1/object/public/product-images/products/1755661830679-m28dj17nqh-gemsutopia_at_gmail.com.jpg,https://odqcbgwakcysfluoinmn.supabase.co/storage/v1/object/public/product-images/products/1755661832125-b48xoynr2q-gemsutopia_at_gmail.com.jpg,https://odqcbgwakcysfluoinmn.supabase.co/storage/v1/object/public/product-images/products/1755661833612-bvoq2gzqmh-gemsutopia_at_gmail.com.jpg,https://odqcbgwakcysfluoinmn.supabase.co/storage/v1/object/public/product-images/products/1755661969662-2cq3spyxkj-gemsutopia_at_gmail.com.jpg}",,https://odqcbgwakcysfluoinmn.supabase.co/storage/v1/object/public/product-images/products/1756023376314-orwb09t6d2-wilson.asher00_at_gmail.com.mp4,,,,,,,,,,,,1.980,,,t,t,,,,,,,,,"{""details"": [""Dimensions (mm)-17.900 x 13.200 x 5.100 mm"", ""Weight (cts)-9.900""], ""video_url"": null, ""view_count"": 29, ""shipping_info"": ""                                                                                                                                                                       Shipping to Canada $20\n / 5 days --- Shipping to rest of world $15\n / 10 days  \n\n‎ ‎ ‎ ‎ ‎ ‎ ‎ ‎ ‎ ‎ ‎ ‎ ‎ ‎ ‎ ‎ ‎ ‎ ‎ ‎ ‎ ‎ ‎ ‎ ‎ ‎ ‎ ‎ ‎ ALL ORDERS ARE TRACKED WITH CANADA POST ‎ ‎ ‎ ‎ ‎ ‎ ‎ ‎ ‎ ‎ ‎ ‎ ‎ ‎ ‎ ‎ ‎ ‎ ‎ ‎ ‎ ‎ ‎ ‎ ‎ ‎ ‎ ‎ ‎ ‎ ‎ ‎ ‎ ‎ ‎ ‎ ‎ ‎ ‎ ‎ ‎ ‎ ‎ ‎ ‎ ‎ ‎ ‎ ‎ ‎ ‎ ‎ ‎ ‎ ‎ ‎ ‎ ‎ ‎ ‎ ‎SHIPPING TIMES CANNOT BE GUARANTEED\n        "", ""wishlist_count"": 3, ""frontend_visible"": false, ""featured_image_index"": 0}",{},2025-08-20 03:50:42.360098+00,2026-01-23 03:24:56.879883+00
03fa936f-7fc9-436c-8376-fd9d47f2f769,BlueJay Sapphire,,.,,100.00,,f,,1,PROD-1758164533976-IZLSJY,,,"{https://odqcbgwakcysfluoinmn.supabase.co/storage/v1/object/public/product-images/products/1758166187286-xzaa7ps9o9-gemsutopia_at_gmail.com.jpg,https://odqcbgwakcysfluoinmn.supabase.co/storage/v1/object/public/product-images/products/1758164503081-fuea5dyvs1-gemsutopia_at_gmail.com.jpg,https://odqcbgwakcysfluoinmn.supabase.co/storage/v1/object/public/product-images/products/1758164504292-sxweix6l9r-gemsutopia_at_gmail.com.jpg,https://odqcbgwakcysfluoinmn.supabase.co/storage/v1/object/public/product-images/products/1758164503758-hobeqsqlko-gemsutopia_at_gmail.com.jpg,https://odqcbgwakcysfluoinmn.supabase.co/storage/v1/object/public/product-images/products/1758164506498-ozs711w40c-gemsutopia_at_gmail.com.jpg,https://odqcbgwakcysfluoinmn.supabase.co/storage/v1/object/public/product-images/products/1758164500749-1ldzuv8sdc-gemsutopia_at_gmail.com.jpg,https://odqcbgwakcysfluoinmn.supabase.co/storage/v1/object/public/product-images/products/1758164501670-jev05mof7t-gemsutopia_at_gmail.com.jpg,https://odqcbgwakcysfluoinmn.supabase.co/storage/v1/object/public/product-images/products/1758164630324-48ut9bhiq2-gemsutopia_at_gmail.com.jpg}",,,,,,,,,,,,,,,,,t,t,,,,,,,,,"{""details"": ["".""], ""view_count"": 2, ""shipping_info"": ""."", ""frontend_visible"": false, ""featured_image_index"": 0}",{},2025-09-18 03:02:14.041932+00,2026-01-23 03:24:51.084984+00
8f94450f-b96a-48eb-b4bf-01b018c362eb,13.50CT BEAUTIFUL FLASHY GREEN AMMOLITE GEMSTONE FROM ALBERTA CANADA,,‎ ‎ ‎ ,,135.00,86.40,t,,1,AGEM#7,,,"{https://odqcbgwakcysfluoinmn.supabase.co/storage/v1/object/public/product-images/products/1755660178556-mt9p4429yk-gemsutopia_at_gmail.com.jpg,https://odqcbgwakcysfluoinmn.supabase.co/storage/v1/object/public/product-images/products/1755660176669-r6114vbbke-gemsutopia_at_gmail.com.jpg,https://odqcbgwakcysfluoinmn.supabase.co/storage/v1/object/public/product-images/products/1755660182690-z88s8916uc-gemsutopia_at_gmail.com.jpg,https://odqcbgwakcysfluoinmn.supabase.co/storage/v1/object/public/product-images/products/1755660177872-c401txmd40-gemsutopia_at_gmail.com.jpg,https://odqcbgwakcysfluoinmn.supabase.co/storage/v1/object/public/product-images/products/1755660180185-i6qcns1khp-gemsutopia_at_gmail.com.jpg,https://odqcbgwakcysfluoinmn.supabase.co/storage/v1/object/public/product-images/products/1755660181052-u2caz4mm7d-gemsutopia_at_gmail.com.jpg,https://odqcbgwakcysfluoinmn.supabase.co/storage/v1/object/public/product-images/products/1755660181922-6itojn8zea-gemsutopia_at_gmail.com.jpg,https://odqcbgwakcysfluoinmn.supabase.co/storage/v1/object/public/product-images/products/1755660515584-0wrfbspq5t-gemsutopia_at_gmail.com.jpg}",,,,,,,,,,,,,,2.700,,,t,t,,,,,,,,,"{""details"": [""Weight (cts) 13.500"", ""Dimensions (mm) 30.000 x 10.400 x 4.100 mm""], ""video_url"": null, ""view_count"": 7, ""shipping_info"": ""                                                                                                                                                                       Shipping to Canada $20\n / 5 days --- Shipping to rest of world $15\n / 10 days  \n\n‎ ‎ ‎ ‎ ‎ ‎ ‎ ‎ ‎ ‎ ‎ ‎ ‎ ‎ ‎ ‎ ‎ ‎ ‎ ‎ ‎ ‎ ‎ ‎ ‎ ‎ ‎ ‎ ‎ ALL ORDERS ARE TRACKED WITH CANADA POST ‎ ‎ ‎ ‎ ‎ ‎ ‎ ‎ ‎ ‎ ‎ ‎ ‎ ‎ ‎ ‎ ‎ ‎ ‎ ‎ ‎ ‎ ‎ ‎ ‎ ‎ ‎ ‎ ‎ ‎ ‎ ‎ ‎ ‎ ‎ ‎ ‎ ‎ ‎ ‎ ‎ ‎ ‎ ‎ ‎ ‎ ‎ ‎ ‎ ‎ ‎ ‎ ‎ ‎ ‎ ‎ ‎ ‎ ‎ ‎ ‎SHIPPING TIMES CANNOT BE GUARANTEED\n        "", ""frontend_visible"": false, ""featured_image_index"": 0}",{},2025-08-20 03:25:45.296437+00,2026-01-23 03:25:17.041643+00
927804d0-30bd-46d9-a9bc-512c7b98d5c1,15.30CT BEAUTIFUL MULTI-COLOR FLASH AMMOLITE GEMSTONE FROM ALBERTA CANADA,,"Ammolite comes specifically from the shell of Ammonites, a type of cephalopod related to modern-day squids, octopuses, and nautiluses. While AmmoNite fossils are common, only a small fraction have the conditions necessary to produce the iridescent ammolite.

>Fun fact -Alberta Canada is the only place in the world where Ammolite is mined commercially, And the only place worldwide where ammolite forms its flashy colors!",,60.00,45.00,t,,1, AGEM#8,,,"{https://odqcbgwakcysfluoinmn.supabase.co/storage/v1/object/public/product-images/products/1757472064562-2hs1ivriqy-gemsutopia_at_gmail.com.jpg,https://odqcbgwakcysfluoinmn.supabase.co/storage/v1/object/public/product-images/products/1757472062070-r3dx3xkfx7-gemsutopia_at_gmail.com.jpg,https://odqcbgwakcysfluoinmn.supabase.co/storage/v1/object/public/product-images/products/1757472062606-cpz9y74t48-gemsutopia_at_gmail.com.jpg,https://odqcbgwakcysfluoinmn.supabase.co/storage/v1/object/public/product-images/products/1757472061066-2pfvoeyud3-gemsutopia_at_gmail.com.jpg,https://odqcbgwakcysfluoinmn.supabase.co/storage/v1/object/public/product-images/products/1757472063250-2otv1nxpq8-gemsutopia_at_gmail.com.jpg,https://odqcbgwakcysfluoinmn.supabase.co/storage/v1/object/public/product-images/products/1757472063972-gry9nu5wmb-gemsutopia_at_gmail.com.jpg,https://odqcbgwakcysfluoinmn.supabase.co/storage/v1/object/public/product-images/products/1757472065151-s5tm9pw289-gemsutopia_at_gmail.com.jpg}",,,,,,,,,,,,,,3.600,,,t,t,,,,,,,,,"{""details"": [""Dimensions (mm)18.700 x 15.500 x 4.300 mm"", ""Weight (cts)15.300""], ""view_count"": 2, ""shipping_info"": ""                                                                                                                                                                       Shipping to Canada $20\n / 5 days --- Shipping to rest of world $15\n / 10 days  \n\n‎ ‎ ‎ ‎ ‎ ‎ ‎ ‎ ‎ ‎ ‎ ‎ ‎ ‎ ‎ ‎ ‎ ‎ ‎ ‎ ‎ ‎ ‎ ‎ ‎ ‎ ‎ ‎ ‎ ALL ORDERS ARE TRACKED WITH CANADA POST ‎ ‎ ‎ ‎ ‎ ‎ ‎ ‎ ‎ ‎ ‎ ‎ ‎ ‎ ‎ ‎ ‎ ‎ ‎ ‎ ‎ ‎ ‎ ‎ ‎ ‎ ‎ ‎ ‎ ‎ ‎ ‎ ‎ ‎ ‎ ‎ ‎ ‎ ‎ ‎ ‎ ‎ ‎ ‎ ‎ ‎ ‎ ‎ ‎ ‎ ‎ ‎ ‎ ‎ ‎ ‎ ‎ ‎ ‎ ‎ ‎SHIPPING TIMES CANNOT BE GUARANTEED\n        "", ""frontend_visible"": false, ""featured_image_index"": 0}",{},2025-09-10 02:41:26.589647+00,2026-01-23 03:25:01.240393+00
4eb0624c-1019-4669-aa55-84135f317203,NATURAL FLASHY ALBERTA AMMOLITE GEMSTONES 3 pc 23.20CTS,,"Ammolite is a rare and beautiful gemstone made from fossilized ammonites, which are ancient marine cephalopods related to modern squid. This gemstone is found primarily in Alberta, Canada, where the fossilized shells have been transformed into iridescent, colorful stones. these have been shaped and semi polished + oiled for photos.",,65.00,40.00,t,,1, AM#126,,,"{https://odqcbgwakcysfluoinmn.supabase.co/storage/v1/object/public/product-images/products/1757473016838-7d5n2n7900-gemsutopia_at_gmail.com.jpg,https://odqcbgwakcysfluoinmn.supabase.co/storage/v1/object/public/product-images/products/1757473017650-te7d86u97y-gemsutopia_at_gmail.com.jpg,https://odqcbgwakcysfluoinmn.supabase.co/storage/v1/object/public/product-images/products/1757473018491-8znagd9d1p-gemsutopia_at_gmail.com.jpg,https://odqcbgwakcysfluoinmn.supabase.co/storage/v1/object/public/product-images/products/1757473019407-tqpqqqlrph-gemsutopia_at_gmail.com.jpg}",,,,,,,,,,,,,,4.639,,,t,t,,,,,,,,,"{""details"": [""Dimensions - 16.500 x 16.800 x 6.200 mm"", ""Weight (cts) - 23.200""], ""shipping_info"": ""                                                                                                                                                                       Shipping to Canada $20\n / 5 days --- Shipping to rest of world $15\n / 10 days  \n\n‎ ‎ ‎ ‎ ‎ ‎ ‎ ‎ ‎ ‎ ‎ ‎ ‎ ‎ ‎ ‎ ‎ ‎ ‎ ‎ ‎ ‎ ‎ ‎ ‎ ‎ ‎ ‎ ‎ ALL ORDERS ARE TRACKED WITH CANADA POST ‎ ‎ ‎ ‎ ‎ ‎ ‎ ‎ ‎ ‎ ‎ ‎ ‎ ‎ ‎ ‎ ‎ ‎ ‎ ‎ ‎ ‎ ‎ ‎ ‎ ‎ ‎ ‎ ‎ ‎ ‎ ‎ ‎ ‎ ‎ ‎ ‎ ‎ ‎ ‎ ‎ ‎ ‎ ‎ ‎ ‎ ‎ ‎ ‎ ‎ ‎ ‎ ‎ ‎ ‎ ‎ ‎ ‎ ‎ ‎ ‎SHIPPING TIMES CANNOT BE GUARANTEED\n        "", ""frontend_visible"": false, ""featured_image_index"": 0}",{},2025-09-10 02:57:07.895138+00,2026-01-23 03:25:05.710422+00
56219529-078b-4dc9-88d8-406e52f11c89,63CT NATURAL FLASHY MULTI COLOR AMMOLITE FOSSIL SPECIMEN ,,"Ammolite is a rare and beautiful gemstone made from fossilized ammonites, which are ancient marine cephalopods related to modern squid and octopuses. This gemstone is found primarily in Alberta, Canada, where the fossilized shells have been transformed into iridescent, colorful stones.",,40.00,30.00,t,,1, AM#120,,,"{https://odqcbgwakcysfluoinmn.supabase.co/storage/v1/object/public/product-images/products/1757473567456-oefcmu8jsi-gemsutopia_at_gmail.com.jpg,https://odqcbgwakcysfluoinmn.supabase.co/storage/v1/object/public/product-images/products/1757473568283-mesxjxiuuw-gemsutopia_at_gmail.com.jpg,https://odqcbgwakcysfluoinmn.supabase.co/storage/v1/object/public/product-images/products/1757473569075-fkhdjn5l05-gemsutopia_at_gmail.com.jpg,https://odqcbgwakcysfluoinmn.supabase.co/storage/v1/object/public/product-images/products/1757473569802-8at9ji9bh8-gemsutopia_at_gmail.com.jpg,https://odqcbgwakcysfluoinmn.supabase.co/storage/v1/object/public/product-images/products/1757473570580-mqk2we4w0o-gemsutopia_at_gmail.com.jpg,https://odqcbgwakcysfluoinmn.supabase.co/storage/v1/object/public/product-images/products/1757473571327-yoavd2cpyr-gemsutopia_at_gmail.com.jpg,https://odqcbgwakcysfluoinmn.supabase.co/storage/v1/object/public/product-images/products/1757473571984-4uvmbe9lyo-gemsutopia_at_gmail.com.jpg,https://odqcbgwakcysfluoinmn.supabase.co/storage/v1/object/public/product-images/products/1757473572758-79quzdmwsd-gemsutopia_at_gmail.com.jpg}",,,,,,,,,,,,,,12.600,,,t,t,,,,,,,,,"{""details"": [""Dimensions - 35.600 x 11.400 x 6.400 mm"", ""Weight (cts) - 63.000""], ""shipping_info"": ""                                                                                                                                                                       Shipping to Canada $20\n / 5 days --- Shipping to rest of world $15\n / 10 days  \n\n‎ ‎ ‎ ‎ ‎ ‎ ‎ ‎ ‎ ‎ ‎ ‎ ‎ ‎ ‎ ‎ ‎ ‎ ‎ ‎ ‎ ‎ ‎ ‎ ‎ ‎ ‎ ‎ ‎ ALL ORDERS ARE TRACKED WITH CANADA POST ‎ ‎ ‎ ‎ ‎ ‎ ‎ ‎ ‎ ‎ ‎ ‎ ‎ ‎ ‎ ‎ ‎ ‎ ‎ ‎ ‎ ‎ ‎ ‎ ‎ ‎ ‎ ‎ ‎ ‎ ‎ ‎ ‎ ‎ ‎ ‎ ‎ ‎ ‎ ‎ ‎ ‎ ‎ ‎ ‎ ‎ ‎ ‎ ‎ ‎ ‎ ‎ ‎ ‎ ‎ ‎ ‎ ‎ ‎ ‎ ‎SHIPPING TIMES CANNOT BE GUARANTEED\n        "", ""frontend_visible"": false, ""featured_image_index"": 0}",{},2025-09-10 03:06:18.265149+00,2026-01-23 03:25:07.394239+00
b2144b35-0e8b-481e-9af9-b8536a49925a,ALBERTA AMMOLITE FOSSIL LOT 6 NATURAL ROUGH 228CT LOT RED/GREEN/YELLOW FIRE,,"6-piece parcel of natural Alberta ammolite fossil slabs, totaling 228 carats. Each hand-selected for their striking multicolor iridescence featuring rich flashes of red, green, yellow, and orange.

These ammolite pieces are 100% natural and untreated, sourced from the world-renowned Bearpaw Formation in southern Alberta, Canada",,55.00,40.00,t,,1,AMlot#2,,,"{https://odqcbgwakcysfluoinmn.supabase.co/storage/v1/object/public/product-images/products/1757520367512-y00hhqqoo2-gemsutopia_at_gmail.com.jpeg,https://odqcbgwakcysfluoinmn.supabase.co/storage/v1/object/public/product-images/products/1757520368817-4zyk6vmtj7-gemsutopia_at_gmail.com.jpeg,https://odqcbgwakcysfluoinmn.supabase.co/storage/v1/object/public/product-images/products/1757520369556-q5e2catved-gemsutopia_at_gmail.com.jpeg,https://odqcbgwakcysfluoinmn.supabase.co/storage/v1/object/public/product-images/products/1757520370329-vy27de2el2-gemsutopia_at_gmail.com.jpeg,https://odqcbgwakcysfluoinmn.supabase.co/storage/v1/object/public/product-images/products/1757520371088-uyixn120ma-gemsutopia_at_gmail.com.jpeg,https://odqcbgwakcysfluoinmn.supabase.co/storage/v1/object/public/product-images/products/1757520371833-eezcvpnrac-gemsutopia_at_gmail.com.jpeg,https://odqcbgwakcysfluoinmn.supabase.co/storage/v1/object/public/product-images/products/1757520372581-a731rmfb9e-gemsutopia_at_gmail.com.jpeg,https://odqcbgwakcysfluoinmn.supabase.co/storage/v1/object/public/product-images/products/1757520373137-hpfs0z9bkx-gemsutopia_at_gmail.com.jpeg}",,,,,,,,,,,,,,,,,t,t,,,,,,,,,"{""details"": [""Dimensions - 33.000 x 11.000 x 9.000mm"", ""Weight (cts) - 228.8""], ""shipping_info"": """", ""frontend_visible"": false, ""featured_image_index"": 0}",{},2025-09-10 16:06:23.626426+00,2026-01-23 03:25:08.425323+00
0fe06778-7797-4e1c-a7ec-f83a19526bb1,BEAUTIFUL DRAGON SKIN AMMOLITE FOSSIL SPECIMEN  331CTS,,"Ammolite is a rare and iridescent gemstone that forms from the fossilized shells of Ammonites, an extinct group of marine mollusks that lived approximately 66 to 400 million years ago. The gemstone is prized for its brilliant, rainbow-like colors, which are caused by the interaction of light with thin layers of aragonite, the same mineral found in the shells of the Ammonites.",,63.80,39.99,t,,1, AM#35,,,"{https://odqcbgwakcysfluoinmn.supabase.co/storage/v1/object/public/product-images/products/1757520675955-gj0n84nsfz-gemsutopia_at_gmail.com.jpeg,https://odqcbgwakcysfluoinmn.supabase.co/storage/v1/object/public/product-images/products/1757520677101-b14c48a6bi-gemsutopia_at_gmail.com.jpeg,https://odqcbgwakcysfluoinmn.supabase.co/storage/v1/object/public/product-images/products/1757520678428-txoza67334-gemsutopia_at_gmail.com.jpeg,https://odqcbgwakcysfluoinmn.supabase.co/storage/v1/object/public/product-images/products/1757520679338-0v1b37h738-gemsutopia_at_gmail.com.jpeg,https://odqcbgwakcysfluoinmn.supabase.co/storage/v1/object/public/product-images/products/1757520680192-aubsvm41z4-gemsutopia_at_gmail.com.jpeg}",,,,,,,,,,,,,,,,,t,t,,,,,,,,,"{""details"": [""Dimensions - 67.000 x 48.000 x 11.500mm""], ""shipping_info"": ""—"", ""frontend_visible"": false, ""featured_image_index"": 0}",{},2025-09-10 16:11:29.593634+00,2026-01-23 03:25:08.866258+00
5134f751-4a0c-4f96-b64e-efb7f12dd7df,Bluejay Sapphire,,"",,100.00,,f,,1,PROD-1757834109785-KIC2I1,,,"{https://odqcbgwakcysfluoinmn.supabase.co/storage/v1/object/public/product-images/products/1757834065902-enntydw54d-gemsutopia_at_gmail.com.jpg,https://odqcbgwakcysfluoinmn.supabase.co/storage/v1/object/public/product-images/products/1757834066891-xadwubx26k-gemsutopia_at_gmail.com.jpg,https://odqcbgwakcysfluoinmn.supabase.co/storage/v1/object/public/product-images/products/1757870951967-9d07lvn3u6-gemsutopia_at_gmail.com.jpg,https://odqcbgwakcysfluoinmn.supabase.co/storage/v1/object/public/product-images/products/1757870953144-kvrindnk2x-gemsutopia_at_gmail.com.jpg,https://odqcbgwakcysfluoinmn.supabase.co/storage/v1/object/public/product-images/products/1757870954140-1qo5dmhlg1-gemsutopia_at_gmail.com.jpg,https://odqcbgwakcysfluoinmn.supabase.co/storage/v1/object/public/product-images/products/1757870955089-3oywgteqgr-gemsutopia_at_gmail.com.jpg,https://odqcbgwakcysfluoinmn.supabase.co/storage/v1/object/public/product-images/products/1757870956063-14qvdtetpa-gemsutopia_at_gmail.com.jpg,https://odqcbgwakcysfluoinmn.supabase.co/storage/v1/object/public/product-images/products/1757870957424-l6hcufu5di-gemsutopia_at_gmail.com.jpg}",,,,,,,,,,,,,,,,,t,t,,,,,,,,,"{""details"": [""Premium quality gemstone"", ""Authentically sourced"", ""Lifetime guarantee"", ""Certificate of authenticity included""], ""view_count"": 4, ""shipping_info"": ""Free worldwide shipping. Delivery in 3-5 business days."", ""frontend_visible"": false, ""featured_image_index"": 0}",{},2025-09-14 07:15:09.887005+00,2026-01-23 03:25:09.534231+00
22b0287a-8a81-40ab-88b3-d53f3b0157b9,Mystery slab ¯\_(ツ)_/¯,,"",,100.00,,f,,1,PROD-1757874591071-8IF4Y5,,,"{https://odqcbgwakcysfluoinmn.supabase.co/storage/v1/object/public/product-images/products/1757874568027-ka7ktu7t2c-gemsutopia_at_gmail.com.jpg,https://odqcbgwakcysfluoinmn.supabase.co/storage/v1/object/public/product-images/products/1757874565888-78u6yq5clv-gemsutopia_at_gmail.com.jpg,https://odqcbgwakcysfluoinmn.supabase.co/storage/v1/object/public/product-images/products/1757874567035-xpbmhz0hs4-gemsutopia_at_gmail.com.jpg,https://odqcbgwakcysfluoinmn.supabase.co/storage/v1/object/public/product-images/products/1757874569461-1ss7sb7mzt-gemsutopia_at_gmail.com.jpg,https://odqcbgwakcysfluoinmn.supabase.co/storage/v1/object/public/product-images/products/1757874570656-1sudwalvuo-gemsutopia_at_gmail.com.jpg,https://odqcbgwakcysfluoinmn.supabase.co/storage/v1/object/public/product-images/products/1757874571840-z6bw85mqfv-gemsutopia_at_gmail.com.jpg,https://odqcbgwakcysfluoinmn.supabase.co/storage/v1/object/public/product-images/products/1757874573894-l75pt0rgsf-gemsutopia_at_gmail.com.jpg,https://odqcbgwakcysfluoinmn.supabase.co/storage/v1/object/public/product-images/products/1757874575016-zj079ruoad-gemsutopia_at_gmail.com.jpg}",,,,,,,,,,,,,,,,,t,t,,,,,,,,,"{""details"": [""Premium quality gemstone"", ""Authentically sourced"", ""Lifetime guarantee"", ""Certificate of authenticity included""], ""view_count"": 7, ""shipping_info"": ""Free worldwide shipping. Delivery in 3-5 business days."", ""wishlist_count"": 1, ""frontend_visible"": false, ""featured_image_index"": 0}",{},2025-09-14 18:29:51.167749+00,2026-01-23 03:25:10.665368+00
4f5f5d7e-d190-498e-92dc-5f089eab7f3c,Blue Sapphire ,,"",,100.00,,f,,1,PROD-1758162947032-FYT4IC,,,"{https://odqcbgwakcysfluoinmn.supabase.co/storage/v1/object/public/product-images/products/1758162844605-eqhpz4gbep-gemsutopia_at_gmail.com.jpg,https://odqcbgwakcysfluoinmn.supabase.co/storage/v1/object/public/product-images/products/1758163325061-x7chsrcvgh-gemsutopia_at_gmail.com.jpg,https://odqcbgwakcysfluoinmn.supabase.co/storage/v1/object/public/product-images/products/1758162845687-f44cm6aet6-gemsutopia_at_gmail.com.jpg,https://odqcbgwakcysfluoinmn.supabase.co/storage/v1/object/public/product-images/products/1758162850913-49ppuyilwp-gemsutopia_at_gmail.com.jpg,https://odqcbgwakcysfluoinmn.supabase.co/storage/v1/object/public/product-images/products/1758162846509-u0cnjqlxgs-gemsutopia_at_gmail.com.jpg,https://odqcbgwakcysfluoinmn.supabase.co/storage/v1/object/public/product-images/products/1758162848540-xoxkx20t4u-gemsutopia_at_gmail.com.jpg,https://odqcbgwakcysfluoinmn.supabase.co/storage/v1/object/public/product-images/products/1758162850121-m45rlq5822-gemsutopia_at_gmail.com.jpg,https://odqcbgwakcysfluoinmn.supabase.co/storage/v1/object/public/product-images/products/1758162935570-d9agfwsl1y-gemsutopia_at_gmail.com.jpg}",,,,,,,,,,,,,,-0.001,,,t,t,,,,,,,,,"{""details"": ["".""], ""view_count"": 5, ""shipping_info"": "".."", ""frontend_visible"": false, ""featured_image_index"": 0}",{},2025-09-18 02:35:47.149207+00,2026-01-23 03:25:12.50912+00
09f0267f-f9fd-4297-9c6e-c315cdab3e1f,Blue Sapphire,,.,,100.00,,f,,1,PROD-1758163634696-KFTKJB,,,"{https://odqcbgwakcysfluoinmn.supabase.co/storage/v1/object/public/product-images/products/1758163615686-nr87jutvhu-gemsutopia_at_gmail.com.jpg,https://odqcbgwakcysfluoinmn.supabase.co/storage/v1/object/public/product-images/products/1758163614693-grhlg55g8j-gemsutopia_at_gmail.com.jpg,https://odqcbgwakcysfluoinmn.supabase.co/storage/v1/object/public/product-images/products/1758163616496-e4jcw29w0i-gemsutopia_at_gmail.com.jpg,https://odqcbgwakcysfluoinmn.supabase.co/storage/v1/object/public/product-images/products/1758163617265-batveandec-gemsutopia_at_gmail.com.jpg,https://odqcbgwakcysfluoinmn.supabase.co/storage/v1/object/public/product-images/products/1758163618099-2fhkigtz2x-gemsutopia_at_gmail.com.jpg,https://odqcbgwakcysfluoinmn.supabase.co/storage/v1/object/public/product-images/products/1758163618908-b5cyov2upz-gemsutopia_at_gmail.com.jpg,https://odqcbgwakcysfluoinmn.supabase.co/storage/v1/object/public/product-images/products/1758163619808-9waqmp33dv-gemsutopia_at_gmail.com.jpg,https://odqcbgwakcysfluoinmn.supabase.co/storage/v1/object/public/product-images/products/1758163620641-w1e14jfxdq-gemsutopia_at_gmail.com.jpg}",,,,,,,,,,,,,,,,,t,t,,,,,,,,,"{""details"": ["".""], ""view_count"": 2, ""shipping_info"": ""."", ""frontend_visible"": false, ""featured_image_index"": 0}",{},2025-09-18 02:47:14.768815+00,2026-01-23 03:25:12.942544+00
